epoch,batch,all,ml,at,em,vat,hit
0,0,5.861160,2.583993,2.918758,2.368371,0.110561,0.1055
0,25600,5.449702,2.519771,2.721633,2.059430,0.180036,0.2109
0,51200,3.345715,1.365015,2.271738,1.007240,0.973129,0.6641
0,76800,2.021566,0.593311,1.968644,0.396186,1.471585,0.8320
0,102400,1.710777,0.432223,1.845114,0.265980,1.530133,0.9062
0,128000,1.548362,0.354677,1.769427,0.208383,1.514915,0.8867
0,153600,1.438385,0.300959,1.722611,0.175346,1.484323,0.9141
0,179200,1.376542,0.278049,1.673961,0.157620,1.462281,0.9336
0,204800,1.339472,0.258364,1.666087,0.147240,1.446803,0.9180
1,0,1.306813,0.243760,1.635956,0.140483,1.439279,0.9414
1,25600,1.270001,0.242976,1.594362,0.131106,1.392034,0.9375
1,51200,1.240826,0.235156,1.557440,0.123585,1.382843,0.9023
1,76800,1.222799,0.231773,1.523734,0.121922,1.373278,0.9180
1,102400,1.186802,0.223217,1.497793,0.118062,1.320618,0.9609
1,128000,1.185091,0.216838,1.497798,0.115054,1.346201,0.9297
1,153600,1.128420,0.203605,1.430945,0.107545,1.293286,0.9297
1,179200,1.111339,0.202456,1.414256,0.105599,1.263360,0.9492
1,204800,1.096710,0.193031,1.417749,0.100936,1.258059,0.9492
2,0,1.081413,0.191808,1.383583,0.101426,1.243680,0.9375
2,25600,1.073428,0.196212,1.373699,0.101179,1.213091,0.9531
2,51200,1.058068,0.197992,1.349491,0.097302,1.193089,0.9336
2,76800,1.036251,0.194365,1.316145,0.097187,1.166182,0.9336
2,102400,1.027336,0.188709,1.312187,0.093687,1.170944,0.9609
2,128000,1.013473,0.187442,1.281798,0.093356,1.160453,0.9492
2,153600,0.959256,0.177564,1.215191,0.089467,1.092224,0.9414
2,179200,0.985916,0.181113,1.229148,0.093438,1.142067,0.9414
2,204800,0.948158,0.179707,1.199694,0.088700,1.066143,0.9414
3,0,0.932527,0.181421,1.161053,0.090972,1.039394,0.9375
3,25600,0.939561,0.178427,1.174313,0.087466,1.071247,0.9609
3,51200,0.912918,0.173913,1.132862,0.085658,1.044963,0.9414
3,76800,0.937616,0.184695,1.160513,0.091541,1.044088,0.9375
3,102400,0.913949,0.172868,1.137460,0.086258,1.045284,0.9648
3,128000,0.885121,0.164922,1.108904,0.082414,1.017047,0.9648
3,153600,0.857003,0.162856,1.071239,0.081777,0.969995,0.9531
3,179200,0.805844,0.159037,0.974895,0.079022,0.917722,0.9531
3,204800,0.863714,0.167914,1.072634,0.082173,0.972789,0.9570
4,0,0.830353,0.162044,1.033267,0.078968,0.931205,0.9531
4,25600,0.813483,0.163398,0.988608,0.080408,0.910312,0.9453
4,51200,0.813898,0.164869,1.002247,0.080092,0.894210,0.9492
4,76800,0.797968,0.166790,0.962355,0.081639,0.869441,0.9375
4,102400,0.803785,0.162924,0.981440,0.077025,0.898015,0.9648
4,128000,0.803291,0.161585,0.982282,0.079330,0.892305,0.9531
4,153600,0.764136,0.152411,0.926621,0.076265,0.858247,0.9453
4,179200,0.737662,0.144408,0.897633,0.073894,0.833569,0.9453
4,204800,0.759727,0.155640,0.917091,0.073864,0.850322,0.9609
5,0,0.738142,0.152709,0.888406,0.073975,0.816454,0.9648
5,25600,0.731231,0.155114,0.895488,0.074005,0.778220,0.9531
5,51200,0.718216,0.157261,0.852505,0.072080,0.777079,0.9414
5,76800,0.696072,0.153228,0.835110,0.071706,0.735352,0.9453
5,102400,0.706025,0.151038,0.827966,0.072470,0.780425,0.9570
5,128000,0.704975,0.148559,0.835568,0.072245,0.778336,0.9609
5,153600,0.666132,0.142841,0.804060,0.069805,0.707561,0.9453
5,179200,0.663097,0.136802,0.800104,0.068037,0.727422,0.9609
5,204800,0.678816,0.147903,0.805426,0.068712,0.735243,0.9531
6,0,0.668716,0.145089,0.759686,0.068871,0.756167,0.9531
6,25600,0.651912,0.143092,0.792007,0.066892,0.681089,0.9492
6,51200,0.675574,0.148937,0.774557,0.067816,0.754844,0.9648
6,76800,0.660255,0.150466,0.775323,0.069171,0.693403,0.9453
6,102400,0.641875,0.140668,0.752311,0.068215,0.690995,0.9727
6,128000,0.643159,0.144733,0.770976,0.067724,0.664701,0.9609
6,153600,0.594662,0.138140,0.695956,0.065927,0.606028,0.9531
6,179200,0.637022,0.131735,0.766680,0.065471,0.699374,0.9453
6,204800,0.628801,0.135840,0.744990,0.064436,0.683425,0.9609
7,0,0.605383,0.136587,0.701097,0.064327,0.647134,0.9609
7,25600,0.611206,0.134433,0.710069,0.064068,0.665617,0.9531
7,51200,0.610528,0.140014,0.722605,0.063967,0.632552,0.9531
7,76800,0.591961,0.138414,0.673678,0.064148,0.624318,0.9492
7,102400,0.598332,0.133092,0.686028,0.063495,0.653122,0.9570
7,128000,0.562524,0.134656,0.654509,0.061864,0.565503,0.9688
7,153600,0.574272,0.125315,0.666377,0.063067,0.619920,0.9531
7,179200,0.583768,0.129192,0.675268,0.062551,0.631481,0.9453
7,204800,0.562520,0.129815,0.640738,0.060612,0.599575,0.9688
8,0,0.539277,0.128724,0.612187,0.058672,0.560752,0.9648
8,25600,0.582238,0.126881,0.680915,0.061105,0.633260,0.9531
8,51200,0.541687,0.130831,0.626875,0.060663,0.540437,0.9570
8,76800,0.555214,0.135787,0.635479,0.061164,0.558728,0.9492
8,102400,0.525808,0.127264,0.615760,0.059308,0.515028,0.9727
8,128000,0.539394,0.130250,0.623118,0.059696,0.541711,0.9570
8,153600,0.527423,0.124375,0.582496,0.060086,0.560710,0.9492
8,179200,0.528730,0.121182,0.597744,0.060089,0.560453,0.9570
8,204800,0.545348,0.123575,0.641367,0.059188,0.567252,0.9648
9,0,0.513866,0.121876,0.587931,0.057734,0.526257,0.9688
9,25600,0.546226,0.122642,0.624987,0.058982,0.590352,0.9609
9,51200,0.526962,0.128060,0.592008,0.058550,0.542495,0.9688
9,76800,0.501326,0.124941,0.577860,0.057692,0.484450,0.9453
9,102400,0.513159,0.122816,0.598643,0.059517,0.504110,0.9648
9,128000,0.535115,0.126776,0.615916,0.058921,0.548813,0.9766
9,153600,0.477035,0.117682,0.525393,0.056279,0.484854,0.9531
9,179200,0.497500,0.115861,0.579009,0.056643,0.504313,0.9570
9,204800,0.479772,0.121837,0.539542,0.056284,0.465958,0.9766
10,0,0.475325,0.118368,0.526203,0.055453,0.478807,0.9609
10,25600,0.516428,0.118676,0.593827,0.058031,0.538575,0.9609
10,51200,0.493306,0.124230,0.523762,0.059442,0.508350,0.9609
10,76800,0.509464,0.122763,0.600932,0.056560,0.499536,0.9492
10,102400,0.472338,0.114058,0.550446,0.053420,0.465752,0.9688
10,128000,0.491849,0.118961,0.544056,0.056103,0.511895,0.9648
10,153600,0.486424,0.117683,0.557980,0.055526,0.486070,0.9609
10,179200,0.465378,0.112670,0.518345,0.054799,0.474685,0.9414
10,204800,0.480305,0.115356,0.563073,0.055462,0.468547,0.9766
11,0,0.456087,0.114029,0.510984,0.053647,0.450389,0.9609
11,25600,0.473478,0.115541,0.525983,0.054224,0.486394,0.9531
11,51200,0.451888,0.116876,0.506770,0.055034,0.426493,0.9609
11,76800,0.463584,0.118404,0.506229,0.055020,0.460973,0.9453
11,102400,0.477589,0.114626,0.540198,0.055715,0.483960,0.9648
11,128000,0.447003,0.117780,0.502841,0.053631,0.415800,0.9727
11,153600,0.452936,0.111867,0.492585,0.055584,0.459032,0.9688
11,179200,0.457813,0.106400,0.524519,0.053432,0.468750,0.9531
11,204800,0.444481,0.114876,0.506826,0.053014,0.415144,0.9727
12,0,0.455498,0.112589,0.516177,0.052291,0.452549,0.9609
12,25600,0.427026,0.114003,0.473863,0.053220,0.392145,0.9609
12,51200,0.445207,0.113669,0.470741,0.054330,0.453285,0.9609
12,76800,0.431069,0.112517,0.479928,0.053536,0.403459,0.9453
12,102400,0.438170,0.113950,0.490763,0.053606,0.411283,0.9648
12,128000,0.422319,0.110580,0.455898,0.052658,0.407708,0.9688
12,153600,0.476621,0.113073,0.554320,0.054574,0.475591,0.9727
12,179200,0.451732,0.106633,0.516211,0.053276,0.456534,0.9453
12,204800,0.421776,0.111832,0.461229,0.052750,0.396085,0.9766
13,0,0.401876,0.109259,0.434063,0.051017,0.371271,0.9648
13,25600,0.449742,0.108416,0.496756,0.052126,0.467243,0.9609
13,51200,0.435950,0.113002,0.477101,0.052968,0.422833,0.9648
13,76800,0.406811,0.107168,0.427662,0.050700,0.402149,0.9531
13,102400,0.423084,0.108541,0.477620,0.051777,0.398265,0.9609
13,128000,0.435751,0.111770,0.490798,0.054779,0.406542,0.9648
13,153600,0.448035,0.109746,0.495268,0.052317,0.457974,0.9727
13,179200,0.422368,0.103277,0.450929,0.051662,0.440502,0.9609
13,204800,0.403939,0.107946,0.442307,0.050385,0.376387,0.9766
14,0,0.399814,0.104153,0.434944,0.049790,0.384628,0.9727
14,25600,0.406547,0.107937,0.433205,0.049341,0.397691,0.9531
14,51200,0.410539,0.104683,0.446696,0.050658,0.403962,0.9609
14,76800,0.400002,0.105776,0.429082,0.049196,0.387684,0.9570
14,102400,0.405828,0.105783,0.445270,0.050520,0.386481,0.9688
14,128000,0.389235,0.106867,0.424537,0.050342,0.348883,0.9766
14,153600,0.403403,0.105666,0.419820,0.049765,0.406752,0.9688
14,179200,0.382446,0.094993,0.421286,0.047277,0.379300,0.9570
14,204800,0.398730,0.104753,0.429985,0.048575,0.388020,0.9766
15,0,0.390961,0.103402,0.429077,0.047865,0.369906,0.9727
15,25600,0.443515,0.104902,0.492875,0.050195,0.468517,0.9609
15,51200,0.393078,0.105318,0.414261,0.050992,0.374966,0.9766
15,76800,0.401488,0.105710,0.431012,0.049434,0.390136,0.9648
15,102400,0.399682,0.101640,0.418209,0.049463,0.410390,0.9688
15,128000,0.391417,0.103289,0.431304,0.050120,0.362059,0.9688
15,153600,0.393479,0.104341,0.413987,0.048980,0.386542,0.9688
15,179200,0.393693,0.098237,0.405687,0.048050,0.418999,0.9609
15,204800,0.372871,0.106076,0.387045,0.048937,0.339147,0.9805
16,0,0.370109,0.100730,0.398396,0.046982,0.342927,0.9766
16,25600,0.402373,0.099864,0.444424,0.049215,0.399888,0.9648
16,51200,0.383146,0.099572,0.406187,0.048011,0.379023,0.9688
16,76800,0.353296,0.098501,0.372153,0.045506,0.325478,0.9609
16,102400,0.400002,0.104842,0.459357,0.047859,0.364983,0.9766
16,128000,0.396525,0.101284,0.457576,0.047923,0.366816,0.9727
16,153600,0.384452,0.099856,0.418924,0.047381,0.371795,0.9688
16,179200,0.375221,0.095199,0.404286,0.047187,0.371832,0.9609
16,204800,0.389465,0.099749,0.437339,0.047723,0.369306,0.9766
17,0,0.346065,0.095820,0.364752,0.045185,0.318780,0.9766
17,25600,0.355383,0.096228,0.386519,0.046000,0.323997,0.9648
17,51200,0.387453,0.100544,0.427908,0.047202,0.371117,0.9609
17,76800,0.363602,0.097560,0.393862,0.045035,0.342826,0.9531
17,102400,0.369342,0.099012,0.392712,0.046405,0.353704,0.9688
17,128000,0.371121,0.099249,0.381011,0.047490,0.366929,0.9727
17,153600,0.410100,0.098569,0.446097,0.048268,0.431446,0.9727
17,179200,0.391502,0.094888,0.439781,0.048727,0.386506,0.9609
17,204800,0.367296,0.099510,0.403605,0.046388,0.334389,0.9844
18,0,0.347100,0.095729,0.381734,0.043212,0.312130,0.9766
18,25600,0.363449,0.095661,0.403729,0.045342,0.337760,0.9688
18,51200,0.361825,0.097607,0.407155,0.046145,0.319755,0.9648
18,76800,0.368375,0.094550,0.390572,0.045517,0.370454,0.9531
18,102400,0.369654,0.098326,0.406543,0.044953,0.348042,0.9648
18,128000,0.394788,0.099273,0.445837,0.048613,0.377166,0.9766
18,153600,0.364974,0.095006,0.398988,0.046372,0.346332,0.9688
18,179200,0.403844,0.095600,0.461964,0.051330,0.394416,0.9648
18,204800,0.349562,0.096422,0.395758,0.044922,0.298303,0.9805
19,0,0.381547,0.096272,0.442453,0.044698,0.359475,0.9648
19,25600,0.390360,0.095610,0.431970,0.046571,0.395295,0.9688
19,51200,0.373200,0.094814,0.411570,0.045932,0.363277,0.9570
19,76800,0.330240,0.091970,0.335037,0.043469,0.314304,0.9609
19,102400,0.335968,0.096914,0.357186,0.044440,0.291529,0.9844
19,128000,0.359849,0.094470,0.378290,0.045352,0.355132,0.9727
19,153600,0.381723,0.092546,0.415366,0.046385,0.393939,0.9688
19,179200,0.366234,0.089416,0.395129,0.044605,0.378914,0.9648
19,204800,0.360005,0.096248,0.384539,0.045607,0.342631,0.9805
20,0,0.346653,0.096647,0.364076,0.042993,0.325968,0.9727
20,25600,0.399672,0.094363,0.450224,0.045844,0.414657,0.9609
20,51200,0.357795,0.090892,0.397323,0.043713,0.346643,0.9727
20,76800,0.323283,0.091627,0.346626,0.043239,0.281432,0.9531
20,102400,0.385905,0.093465,0.451317,0.043843,0.377340,0.9688
20,128000,0.345039,0.091265,0.359953,0.044449,0.337798,0.9805
20,153600,0.325498,0.091608,0.342050,0.043536,0.292462,0.9727
20,179200,0.343867,0.086905,0.353716,0.045085,0.352539,0.9570
20,204800,0.348329,0.092953,0.388133,0.043851,0.316949,0.9844
21,0,0.345389,0.091488,0.390101,0.042237,0.315443,0.9688
21,25600,0.336877,0.090396,0.389633,0.043834,0.285858,0.9805
21,51200,0.353861,0.089632,0.390577,0.044122,0.343113,0.9727
21,76800,0.314726,0.089121,0.331880,0.041067,0.283247,0.9688
21,102400,0.389788,0.096813,0.440385,0.044586,0.387576,0.9805
21,128000,0.350343,0.089162,0.368365,0.043218,0.358178,0.9766
21,153600,0.350397,0.091760,0.376410,0.043617,0.340323,0.9766
21,179200,0.330413,0.086366,0.354883,0.041985,0.318659,0.9766
21,204800,0.344019,0.091845,0.380009,0.045001,0.310567,0.9844
22,0,0.321206,0.089482,0.341876,0.042573,0.288626,0.9766
22,25600,0.321586,0.090711,0.348128,0.043193,0.277477,0.9688
22,51200,0.317867,0.090019,0.337435,0.042128,0.281630,0.9688
22,76800,0.330964,0.087163,0.351437,0.043242,0.317093,0.9688
22,102400,0.364443,0.092464,0.414704,0.044488,0.343597,0.9844
22,128000,0.346177,0.092216,0.380603,0.043027,0.322514,0.9688
22,153600,0.312965,0.090118,0.332410,0.042041,0.270275,0.9648
22,179200,0.333910,0.084637,0.353216,0.042869,0.334799,0.9609
22,204800,0.336521,0.091277,0.367950,0.042934,0.306418,0.9883
23,0,0.341431,0.089133,0.383347,0.041547,0.319156,0.9648
23,25600,0.314166,0.086566,0.338468,0.042189,0.279567,0.9727
23,51200,0.334241,0.086861,0.350260,0.042565,0.332457,0.9688
23,76800,0.315990,0.086308,0.326718,0.040745,0.303074,0.9609
23,102400,0.330060,0.089681,0.364443,0.041795,0.297504,0.9805
23,128000,0.328709,0.085990,0.341655,0.043160,0.323543,0.9727
23,153600,0.323556,0.088683,0.345554,0.042260,0.296489,0.9805
23,179200,0.321231,0.083126,0.349650,0.040759,0.308169,0.9688
23,204800,0.315855,0.089529,0.341978,0.040894,0.276128,0.9844
24,0,0.308877,0.087368,0.335358,0.039732,0.270569,0.9805
24,25600,0.332432,0.084169,0.365290,0.042215,0.321539,0.9648
24,51200,0.327173,0.086384,0.350608,0.040936,0.315570,0.9766
24,76800,0.342172,0.090454,0.380599,0.041977,0.318539,0.9648
24,102400,0.328688,0.086438,0.361394,0.041743,0.306965,0.9844
24,128000,0.307610,0.083763,0.319366,0.040305,0.292441,0.9727
24,153600,0.344466,0.085973,0.358069,0.042910,0.360542,0.9766
24,179200,0.302580,0.083320,0.322014,0.041425,0.270770,0.9688
24,204800,0.301321,0.085843,0.322529,0.040350,0.261231,0.9883
25,0,0.286855,0.082993,0.300508,0.038928,0.249274,0.9727
25,25600,0.301240,0.088283,0.330218,0.040289,0.245342,0.9688
25,51200,0.305757,0.082124,0.329231,0.041753,0.277032,0.9766
25,76800,0.291175,0.084336,0.299794,0.038888,0.260042,0.9688
25,102400,0.306596,0.083595,0.326955,0.040209,0.282350,0.9844
25,128000,0.286359,0.081708,0.307207,0.038650,0.246130,0.9727
25,153600,0.301644,0.085508,0.309345,0.040885,0.274827,0.9727
25,179200,0.289702,0.079512,0.303906,0.041307,0.259038,0.9688
25,204800,0.312157,0.086758,0.323453,0.041292,0.290239,0.9844
26,0,0.301598,0.083117,0.305845,0.039468,0.290862,0.9727
26,25600,0.313372,0.083645,0.356824,0.040613,0.273557,0.9688
26,51200,0.299170,0.083170,0.314733,0.041105,0.268249,0.9805
26,76800,0.299457,0.082894,0.313780,0.039100,0.277762,0.9727
26,102400,0.315884,0.085277,0.345505,0.040763,0.287310,0.9844
26,128000,0.289395,0.083688,0.309878,0.040979,0.239214,0.9844
26,153600,0.315485,0.087795,0.327551,0.038197,0.304090,0.9688
26,179200,0.307641,0.077465,0.329142,0.041028,0.301352,0.9727
26,204800,0.314557,0.086435,0.335746,0.039595,0.292675,0.9844
27,0,0.303501,0.084475,0.325517,0.038479,0.276307,0.9727
27,25600,0.293950,0.083912,0.324852,0.040289,0.240977,0.9766
27,51200,0.287922,0.083260,0.311312,0.039671,0.238659,0.9805
27,76800,0.296602,0.083542,0.302721,0.038295,0.279830,0.9727
27,102400,0.303229,0.081863,0.325925,0.039933,0.278851,0.9805
27,128000,0.272469,0.079150,0.285095,0.037287,0.235011,0.9766
27,153600,0.271982,0.081215,0.283488,0.036934,0.229290,0.9805
27,179200,0.314284,0.078750,0.344948,0.039822,0.307423,0.9688
27,204800,0.290254,0.082848,0.297246,0.038789,0.264809,0.9883
28,0,0.291177,0.079732,0.301967,0.037178,0.278921,0.9766
28,25600,0.275966,0.081172,0.289585,0.038920,0.229995,0.9688
28,51200,0.291512,0.081097,0.302965,0.039240,0.267615,0.9805
28,76800,0.284320,0.081145,0.308467,0.038565,0.240232,0.9766
28,102400,0.330127,0.082149,0.369590,0.041453,0.318829,0.9844
28,128000,0.279654,0.079200,0.293436,0.038024,0.247997,0.9805
28,153600,0.309104,0.079289,0.335966,0.037326,0.305661,0.9688
28,179200,0.303263,0.078940,0.327042,0.039596,0.288715,0.9648
28,204800,0.254501,0.078672,0.262081,0.037868,0.197787,0.9844
29,0,0.250682,0.074627,0.259623,0.035260,0.209695,0.9766
29,25600,0.295923,0.080779,0.314415,0.039426,0.271311,0.9766
29,51200,0.293022,0.079940,0.307129,0.038637,0.274353,0.9805
29,76800,0.292051,0.080046,0.300879,0.037804,0.279791,0.9727
29,102400,0.319865,0.081054,0.341076,0.038172,0.327720,0.9844
29,128000,0.281442,0.077437,0.298934,0.037391,0.256447,0.9766
29,153600,0.290363,0.080033,0.293085,0.037812,0.281974,0.9766
29,179200,0.319261,0.076838,0.355931,0.039058,0.321953,0.9727
29,204800,0.288113,0.080760,0.307615,0.036976,0.260308,0.9844
30,0,0.280473,0.077637,0.298465,0.036492,0.256015,0.9766
30,25600,0.290744,0.077588,0.323258,0.038981,0.257325,0.9805
30,51200,0.275287,0.077848,0.297520,0.037352,0.236100,0.9805
30,76800,0.274235,0.079650,0.295302,0.037575,0.228066,0.9688
30,102400,0.286447,0.079587,0.299593,0.037218,0.265883,0.9805
30,128000,0.285881,0.078306,0.302687,0.038226,0.261812,0.9727
30,153600,0.256733,0.076251,0.264915,0.036085,0.216410,0.9805
30,179200,0.296488,0.076276,0.317181,0.038265,0.289312,0.9766
30,204800,0.260742,0.078125,0.262544,0.037853,0.220005,0.9922
31,0,0.250847,0.075555,0.254581,0.036406,0.208370,0.9766
31,25600,0.272152,0.079404,0.283600,0.036998,0.235567,0.9727
31,51200,0.280108,0.077182,0.306041,0.038351,0.242543,0.9844
31,76800,0.259863,0.078262,0.277895,0.035928,0.207684,0.9766
31,102400,0.287387,0.079016,0.307474,0.038177,0.259836,0.9883
31,128000,0.263016,0.074707,0.279859,0.037530,0.222737,0.9766
31,153600,0.251364,0.077343,0.257729,0.036059,0.202146,0.9727
31,179200,0.269016,0.075312,0.278253,0.037235,0.243311,0.9727
31,204800,0.289798,0.079075,0.305621,0.037953,0.270279,0.9844
32,0,0.288479,0.076267,0.310432,0.037202,0.272934,0.9805
32,25600,0.255905,0.076878,0.258280,0.038191,0.211171,0.9766
32,51200,0.318617,0.081136,0.351335,0.041339,0.302474,0.9766
32,76800,0.270039,0.078877,0.275708,0.034468,0.246605,0.9727
32,102400,0.262150,0.074840,0.276747,0.036859,0.224759,0.9883
32,128000,0.293576,0.076704,0.320632,0.037881,0.276005,0.9766
32,153600,0.295592,0.077728,0.325840,0.036681,0.278104,0.9844
32,179200,0.253129,0.073089,0.261485,0.036349,0.217483,0.9688
32,204800,0.255690,0.076997,0.271636,0.036279,0.203079,0.9805
33,0,0.270046,0.074544,0.290606,0.035348,0.243241,0.9648
33,25600,0.251701,0.073077,0.260399,0.035279,0.217414,0.9805
33,51200,0.254605,0.073429,0.269588,0.035330,0.216566,0.9844
33,76800,0.254323,0.076487,0.249147,0.035676,0.224720,0.9766
33,102400,0.262043,0.076968,0.260143,0.037377,0.232182,0.9883
33,128000,0.264125,0.075151,0.272096,0.036319,0.236751,0.9727
33,153600,0.281182,0.074442,0.309420,0.035875,0.260131,0.9961
33,179200,0.287139,0.071612,0.305127,0.037745,0.287479,0.9727
33,204800,0.275164,0.077674,0.283729,0.036513,0.252859,0.9883
34,0,0.256336,0.074698,0.255601,0.034914,0.233477,0.9766
34,25600,0.233679,0.075655,0.235761,0.035576,0.172398,0.9844
34,51200,0.269903,0.075648,0.280184,0.036069,0.247101,0.9766
34,76800,0.244726,0.074241,0.241789,0.035181,0.209225,0.9766
34,102400,0.257235,0.077046,0.264440,0.036691,0.213888,0.9805
34,128000,0.252678,0.072687,0.247679,0.035566,0.233736,0.9883
34,153600,0.250873,0.074026,0.251580,0.034360,0.223377,0.9805
34,179200,0.271143,0.073068,0.290928,0.036542,0.247513,0.9727
34,204800,0.268930,0.075810,0.290726,0.036267,0.232120,0.9844
35,0,0.264422,0.073171,0.283049,0.035177,0.237197,0.9883
35,25600,0.252908,0.074380,0.261517,0.035563,0.215034,0.9805
35,51200,0.263176,0.071409,0.280403,0.036523,0.237076,0.9844
35,76800,0.263652,0.075578,0.276648,0.035168,0.233038,0.9766
35,102400,0.269637,0.074713,0.297931,0.036253,0.230974,0.9844
35,128000,0.250837,0.072312,0.261548,0.035551,0.215033,0.9805
35,153600,0.254644,0.074431,0.254688,0.034803,0.230011,0.9883
35,179200,0.255172,0.070221,0.280110,0.034664,0.220849,0.9805
35,204800,0.253511,0.076424,0.261876,0.035691,0.209443,0.9844
36,0,0.232869,0.074120,0.235875,0.033898,0.180292,0.9805
36,25600,0.265137,0.074000,0.295919,0.035860,0.221667,0.9805
36,51200,0.258005,0.073262,0.271569,0.035271,0.226671,0.9805
36,76800,0.244131,0.073010,0.249621,0.033727,0.208359,0.9648
36,102400,0.270279,0.071930,0.313201,0.036601,0.225957,0.9844
36,128000,0.276794,0.073993,0.297786,0.035655,0.259367,0.9766
36,153600,0.270928,0.072698,0.278330,0.036049,0.262273,0.9805
36,179200,0.264823,0.070413,0.278425,0.036362,0.248406,0.9766
36,204800,0.254472,0.074946,0.270712,0.034457,0.212849,0.9883
37,0,0.244794,0.071521,0.259739,0.034210,0.203802,0.9766
37,25600,0.245990,0.072559,0.260159,0.035382,0.200004,0.9688
37,51200,0.259755,0.070922,0.282828,0.034659,0.231084,0.9844
37,76800,0.240672,0.073022,0.243119,0.033731,0.203278,0.9766
37,102400,0.271697,0.072831,0.295803,0.035662,0.248210,0.9844
37,128000,0.248801,0.067332,0.256299,0.035083,0.231653,0.9805
37,153600,0.242212,0.070010,0.243524,0.033243,0.219672,0.9805
37,179200,0.256483,0.070424,0.254852,0.036145,0.244860,0.9766
37,204800,0.259043,0.073829,0.281905,0.034975,0.218893,0.9844
38,0,0.228970,0.069811,0.236340,0.033251,0.183354,0.9727
38,25600,0.241761,0.075363,0.251024,0.035435,0.185517,0.9805
38,51200,0.236760,0.067844,0.239227,0.034189,0.209865,0.9844
38,76800,0.227680,0.070637,0.229429,0.033158,0.183524,0.9766
38,102400,0.240786,0.070109,0.245519,0.035057,0.206549,0.9844
38,128000,0.238781,0.069107,0.245332,0.033712,0.207877,0.9688
38,153600,0.262138,0.069179,0.286099,0.033583,0.245156,0.9727
38,179200,0.263328,0.069736,0.279388,0.034479,0.250989,0.9766
38,204800,0.236781,0.073228,0.245932,0.034194,0.185265,0.9766
39,0,0.242049,0.072362,0.249813,0.033446,0.204325,0.9727
39,25600,0.235483,0.070328,0.244701,0.034224,0.191734,0.9805
39,51200,0.255099,0.069912,0.263854,0.034000,0.240102,0.9805
39,76800,0.242406,0.073355,0.255679,0.033843,0.195015,0.9766
39,102400,0.237514,0.070169,0.252247,0.033972,0.192331,0.9883
39,128000,0.230614,0.068075,0.228582,0.033666,0.200999,0.9766
39,153600,0.251017,0.071245,0.262070,0.034345,0.222687,0.9688
39,179200,0.250258,0.069316,0.262743,0.034220,0.226331,0.9766
39,204800,0.235520,0.070566,0.241734,0.033597,0.196121,0.9844
40,0,0.236684,0.069206,0.246652,0.032719,0.202545,0.9727
40,25600,0.230752,0.067948,0.246557,0.033475,0.184539,0.9766
40,51200,0.245603,0.067255,0.253651,0.033559,0.228982,0.9805
40,76800,0.230928,0.072201,0.226627,0.031671,0.196893,0.9688
40,102400,0.239874,0.069214,0.253503,0.034595,0.200047,0.9883
40,128000,0.239549,0.068555,0.236519,0.033728,0.221035,0.9805
40,153600,0.257370,0.068162,0.266904,0.032917,0.254066,0.9805
40,179200,0.273554,0.065371,0.303535,0.033844,0.277594,0.9805
40,204800,0.241867,0.072832,0.253629,0.033706,0.197467,0.9883
41,0,0.230864,0.071007,0.239499,0.033121,0.182955,0.9766
41,25600,0.221764,0.069322,0.226198,0.033273,0.171033,0.9727
41,51200,0.221680,0.065721,0.221856,0.032430,0.189904,0.9805
41,76800,0.239595,0.070263,0.253762,0.032416,0.202626,0.9727
41,102400,0.247010,0.069190,0.268441,0.033670,0.212062,0.9844
41,128000,0.237129,0.068599,0.248700,0.032766,0.203847,0.9805
41,153600,0.254944,0.068350,0.272969,0.033176,0.238423,0.9805
41,179200,0.231368,0.067444,0.232691,0.034198,0.199726,0.9766
41,204800,0.267027,0.073149,0.291695,0.033935,0.241448,0.9844
42,0,0.249223,0.068597,0.276299,0.032588,0.217160,0.9805
42,25600,0.224976,0.068023,0.230214,0.032798,0.183635,0.9805
42,51200,0.240872,0.066609,0.264327,0.033306,0.205530,0.9883
42,76800,0.214108,0.069489,0.218019,0.031494,0.159065,0.9766
42,102400,0.240595,0.070696,0.257959,0.033951,0.195202,0.9883
42,128000,0.232348,0.068820,0.231183,0.033227,0.203154,0.9844
42,153600,0.217623,0.066904,0.217562,0.031748,0.179010,0.9805
42,179200,0.234756,0.064047,0.236176,0.032407,0.224830,0.9922
42,204800,0.228681,0.066493,0.220987,0.032227,0.212216,0.9844
43,0,0.226185,0.065201,0.220128,0.031375,0.211902,0.9883
43,25600,0.231604,0.069617,0.229403,0.034399,0.195890,0.9805
43,51200,0.221118,0.064813,0.214064,0.030844,0.204140,0.9922
43,76800,0.215124,0.068199,0.212336,0.031341,0.172946,0.9766
43,102400,0.257189,0.068411,0.284563,0.034066,0.231141,0.9883
43,128000,0.219661,0.061670,0.232855,0.031258,0.189586,0.9844
43,153600,0.238638,0.069595,0.238328,0.032576,0.216566,0.9766
43,179200,0.233086,0.066678,0.233378,0.032650,0.212486,0.9805
43,204800,0.240457,0.068297,0.257640,0.033361,0.205025,0.9883
44,0,0.236178,0.067278,0.251466,0.032344,0.203719,0.9844
44,25600,0.222865,0.065153,0.231488,0.032605,0.185536,0.9922
44,51200,0.221357,0.065386,0.231156,0.031927,0.182324,0.9844
44,76800,0.212729,0.069565,0.214338,0.032223,0.155469,0.9766
44,102400,0.259380,0.069400,0.294097,0.033710,0.226805,0.9883
44,128000,0.223940,0.065601,0.230820,0.032264,0.189431,0.9766
44,153600,0.236313,0.068718,0.257624,0.032520,0.192628,0.9922
44,179200,0.251709,0.068131,0.274988,0.033227,0.226184,0.9805
44,204800,0.227427,0.066220,0.239480,0.032314,0.190162,0.9883
45,0,0.217083,0.064830,0.230139,0.030794,0.174727,0.9844
45,25600,0.231857,0.067923,0.238392,0.032680,0.199123,0.9844
45,51200,0.222736,0.063517,0.218768,0.031684,0.206351,0.9844
45,76800,0.218537,0.068027,0.220230,0.031059,0.177939,0.9648
45,102400,0.231371,0.065601,0.257314,0.032559,0.186724,0.9844
45,128000,0.212810,0.063594,0.217710,0.031303,0.175330,0.9766
45,153600,0.214293,0.063468,0.223749,0.031185,0.175053,0.9805
45,179200,0.212636,0.064520,0.208895,0.030932,0.181719,0.9844
45,204800,0.221610,0.067419,0.222711,0.031430,0.186491,0.9844
46,0,0.236050,0.069154,0.242548,0.031821,0.207702,0.9766
46,25600,0.273023,0.068554,0.321169,0.036787,0.237771,0.9883
46,51200,0.213342,0.064866,0.217022,0.030649,0.175733,0.9844
46,76800,0.214759,0.068101,0.215474,0.031870,0.167153,0.9648
46,102400,0.239340,0.068864,0.260667,0.033337,0.196463,0.9844
46,128000,0.218562,0.063483,0.223532,0.032818,0.184006,0.9766
46,153600,0.226280,0.066982,0.233186,0.031888,0.191513,0.9844
46,179200,0.230791,0.063498,0.229089,0.033000,0.218554,0.9844
46,204800,0.222501,0.065473,0.217923,0.030614,0.203457,0.9844
47,0,0.220190,0.063669,0.214112,0.031094,0.203981,0.9844
47,25600,0.227235,0.066894,0.237157,0.032249,0.189815,0.9844
47,51200,0.216403,0.062772,0.223661,0.031691,0.182803,0.9805
47,76800,0.205518,0.063693,0.204590,0.030407,0.166806,0.9805
47,102400,0.218725,0.065930,0.220931,0.032215,0.181002,0.9883
47,128000,0.229417,0.064279,0.239174,0.030998,0.207961,0.9766
47,153600,0.215343,0.064599,0.213522,0.031000,0.185626,0.9844
47,179200,0.215194,0.064445,0.219850,0.031451,0.177808,0.9805
47,204800,0.233423,0.066967,0.240242,0.031349,0.210114,0.9844
48,0,0.224226,0.064621,0.230015,0.031126,0.198247,0.9766
48,25600,0.216122,0.065915,0.221120,0.031702,0.173896,0.9844
48,51200,0.221211,0.062218,0.220454,0.031197,0.205531,0.9805
48,76800,0.208858,0.065982,0.215670,0.030232,0.159808,0.9727
48,102400,0.239392,0.066916,0.263230,0.032716,0.202634,0.9844
48,128000,0.211430,0.063358,0.221498,0.030464,0.170526,0.9766
48,153600,0.235549,0.062463,0.253373,0.031732,0.217808,0.9883
48,179200,0.227435,0.062692,0.245685,0.031097,0.199801,0.9805
48,204800,0.213450,0.064228,0.218845,0.030647,0.176407,0.9883
49,0,0.208521,0.062619,0.218288,0.029977,0.168127,0.9727
49,25600,0.204891,0.063101,0.208811,0.030852,0.160981,0.9844
49,51200,0.207781,0.061171,0.215091,0.030454,0.172097,0.9766
49,76800,0.223191,0.067216,0.228951,0.030615,0.188914,0.9727
49,102400,0.223150,0.062024,0.231311,0.030870,0.202874,0.9883
49,128000,0.215628,0.061670,0.220517,0.031327,0.188252,0.9766
49,153600,0.207183,0.065904,0.202785,0.030645,0.165996,0.9805
49,179200,0.231731,0.063353,0.244523,0.032135,0.209621,0.9688
49,204800,0.215828,0.064097,0.218658,0.030896,0.184127,0.9844
50,0,0.223619,0.062658,0.234749,0.030376,0.200536,0.9805
50,25600,0.246611,0.064321,0.285330,0.032134,0.215188,0.9883
50,51200,0.216544,0.060900,0.232135,0.030462,0.185136,0.9883
50,76800,0.211207,0.063931,0.223136,0.030734,0.165336,0.9766
50,102400,0.219353,0.065594,0.228097,0.031180,0.180502,0.9883
50,128000,0.201454,0.062842,0.196097,0.031046,0.162459,0.9844
50,153600,0.194518,0.062791,0.195301,0.028860,0.147586,0.9844
50,179200,0.208134,0.061554,0.207024,0.030292,0.180603,0.9844
50,204800,0.208420,0.063479,0.206879,0.031349,0.171759,0.9883
51,0,0.200145,0.062613,0.206265,0.030096,0.151851,0.9766
51,25600,0.237175,0.065233,0.265543,0.032961,0.197726,0.9766
51,51200,0.214574,0.059726,0.227376,0.029744,0.189636,0.9766
51,76800,0.203600,0.063546,0.211274,0.029663,0.156699,0.9688
51,102400,0.206944,0.064498,0.214212,0.030862,0.157737,0.9883
51,128000,0.196525,0.060079,0.191717,0.029453,0.164925,0.9727
51,153600,0.205347,0.060963,0.214530,0.028781,0.170811,0.9805
51,179200,0.207740,0.060857,0.216955,0.030291,0.171687,0.9805
51,204800,0.203394,0.064103,0.199069,0.030223,0.164493,0.9883
52,0,0.198176,0.062080,0.195809,0.028944,0.161364,0.9766
52,25600,0.212566,0.062836,0.222715,0.030227,0.175629,0.9805
52,51200,0.208955,0.060033,0.214915,0.029732,0.182386,0.9883
52,76800,0.196270,0.063673,0.198691,0.028890,0.146999,0.9727
52,102400,0.239186,0.066460,0.258456,0.032367,0.209406,0.9805
52,128000,0.209671,0.061426,0.213037,0.029808,0.181753,0.9766
52,153600,0.211060,0.061033,0.209822,0.030142,0.189793,0.9844
52,179200,0.218359,0.061469,0.223243,0.030416,0.198337,0.9844
52,204800,0.215357,0.063148,0.224831,0.030027,0.182444,0.9805
53,0,0.209848,0.062067,0.210495,0.029649,0.183277,0.9766
53,25600,0.207414,0.063006,0.211452,0.030407,0.168553,0.9805
53,51200,0.202994,0.058811,0.208761,0.029374,0.173937,0.9805
53,76800,0.211021,0.064580,0.215867,0.029908,0.172577,0.9805
53,102400,0.219922,0.063691,0.239508,0.030929,0.178167,0.9883
53,128000,0.223138,0.061436,0.235298,0.031329,0.199279,0.9766
53,153600,0.204333,0.059002,0.210173,0.030512,0.172558,0.9844
53,179200,0.223296,0.062244,0.244128,0.029867,0.193155,0.9844
53,204800,0.198773,0.061788,0.201377,0.030219,0.154512,0.9844
54,0,0.201850,0.061676,0.203923,0.029135,0.166207,0.9805
54,25600,0.225541,0.064021,0.246431,0.031542,0.186830,0.9883
54,51200,0.216284,0.058450,0.220776,0.030929,0.202241,0.9805
54,76800,0.196258,0.063236,0.196024,0.029067,0.150489,0.9766
54,102400,0.208908,0.063404,0.217291,0.030276,0.166805,0.9844
54,128000,0.201952,0.059617,0.208903,0.029299,0.167886,0.9766
54,153600,0.233970,0.059978,0.255565,0.030384,0.223129,0.9883
54,179200,0.206527,0.059503,0.210059,0.029779,0.180759,0.9883
54,204800,0.216428,0.061659,0.233126,0.029771,0.183532,0.9844
55,0,0.201868,0.059611,0.207103,0.028930,0.170654,0.9805
55,25600,0.213592,0.059004,0.232753,0.029579,0.183947,0.9883
55,51200,0.203266,0.058937,0.210439,0.028738,0.174864,0.9883
55,76800,0.187638,0.060913,0.180617,0.027957,0.148611,0.9648
55,102400,0.225656,0.061053,0.241393,0.030744,0.204804,0.9805
55,128000,0.198442,0.058726,0.204082,0.029587,0.163010,0.9766
55,153600,0.190429,0.059158,0.193456,0.028901,0.147779,0.9844
55,179200,0.195283,0.059284,0.191142,0.029374,0.164275,0.9844
55,204800,0.197618,0.059121,0.208747,0.027945,0.159758,0.9844
56,0,0.193013,0.058919,0.201128,0.027435,0.154399,0.9805
56,25600,0.187430,0.059401,0.184877,0.028518,0.146825,0.9844
56,51200,0.191255,0.057239,0.190533,0.029068,0.159292,0.9883
56,76800,0.198403,0.061554,0.195462,0.028364,0.166157,0.9727
56,102400,0.206772,0.060189,0.220858,0.029654,0.168907,0.9805
56,128000,0.189720,0.058190,0.188826,0.028161,0.155738,0.9766
56,153600,0.204729,0.060651,0.205102,0.028998,0.178498,0.9844
56,179200,0.207133,0.057447,0.219957,0.029438,0.180870,0.9883
56,204800,0.208821,0.061535,0.219410,0.028904,0.175196,0.9883
57,0,0.208879,0.061373,0.206552,0.028918,0.188743,0.9844
57,25600,0.197494,0.058023,0.199425,0.029512,0.167103,0.9844
57,51200,0.202259,0.056702,0.211192,0.028524,0.178916,0.9805
57,76800,0.189262,0.061099,0.181433,0.027970,0.152545,0.9766
57,102400,0.199293,0.060638,0.203389,0.030135,0.158344,0.9883
57,128000,0.204784,0.058674,0.211325,0.029232,0.178269,0.9766
57,153600,0.200814,0.060154,0.206424,0.029030,0.165675,0.9922
57,179200,0.207534,0.060158,0.217734,0.029380,0.175585,0.9844
57,204800,0.195760,0.058475,0.200894,0.028990,0.160091,0.9883
58,0,0.187767,0.057233,0.186443,0.027968,0.155441,0.9883
58,25600,0.213217,0.060755,0.230813,0.029675,0.178475,0.9844
58,51200,0.193452,0.054494,0.200655,0.028186,0.168584,0.9883
58,76800,0.197253,0.060297,0.205225,0.028824,0.155216,0.9805
58,102400,0.218915,0.062361,0.231527,0.029702,0.191313,0.9844
58,128000,0.205888,0.059113,0.211207,0.027797,0.185385,0.9805
58,153600,0.193504,0.058375,0.202103,0.029242,0.150851,0.9961
58,179200,0.211671,0.058586,0.215783,0.028324,0.200086,0.9805
58,204800,0.189106,0.060169,0.184495,0.029032,0.148524,0.9844
59,0,0.191159,0.057505,0.189725,0.028012,0.162415,0.9844
59,25600,0.203332,0.059855,0.202025,0.029161,0.179031,0.9883
59,51200,0.203339,0.055632,0.213235,0.027692,0.186814,0.9844
59,76800,0.191824,0.060402,0.200064,0.027690,0.145710,0.9766
59,102400,0.219440,0.062699,0.234990,0.031621,0.182074,0.9805
59,128000,0.200574,0.055724,0.218428,0.028233,0.170294,0.9766
59,153600,0.195674,0.057726,0.203377,0.028747,0.160627,0.9883
59,179200,0.212931,0.058810,0.222833,0.030056,0.190713,0.9766
59,204800,0.195141,0.058873,0.200677,0.028147,0.159729,0.9883
60,0,0.196199,0.058936,0.198216,0.027797,0.166669,0.9805
60,25600,0.204112,0.060094,0.207392,0.028101,0.178998,0.9883
60,51200,0.185601,0.053853,0.189117,0.028643,0.154566,0.9805
60,76800,0.181174,0.057824,0.179252,0.026889,0.142285,0.9766
60,102400,0.217243,0.060088,0.237593,0.029518,0.187861,0.9883
60,128000,0.211302,0.058479,0.235935,0.029118,0.176416,0.9805
60,153600,0.192924,0.057642,0.198619,0.028436,0.157535,0.9844
60,179200,0.193929,0.057843,0.197773,0.028781,0.159907,0.9922
60,204800,0.187788,0.058057,0.185377,0.027694,0.154748,0.9844
61,0,0.180450,0.057513,0.180070,0.026339,0.141924,0.9766
61,25600,0.192162,0.059246,0.197723,0.028302,0.150991,0.9844
61,51200,0.183277,0.054824,0.182730,0.027276,0.154527,0.9766
61,76800,0.177522,0.056966,0.180856,0.027614,0.128950,0.9805
61,102400,0.195002,0.058397,0.202213,0.029140,0.156003,0.9883
61,128000,0.195114,0.054348,0.197399,0.027267,0.180933,0.9844
61,153600,0.189119,0.055597,0.197617,0.027555,0.155605,0.9844
61,179200,0.205848,0.055485,0.219622,0.029088,0.184630,0.9844
61,204800,0.202060,0.057178,0.209242,0.028349,0.179201,0.9844
62,0,0.196169,0.056529,0.202340,0.027627,0.171035,0.9805
62,25600,0.195427,0.060363,0.204341,0.027571,0.153968,0.9844
62,51200,0.192834,0.053479,0.210131,0.027889,0.161423,0.9883
62,76800,0.199916,0.058458,0.206419,0.028033,0.171666,0.9805
62,102400,0.211277,0.059883,0.230343,0.029622,0.175565,0.9844
62,128000,0.202411,0.055963,0.217656,0.027645,0.178352,0.9805
62,153600,0.194505,0.058505,0.198194,0.027550,0.163305,0.9844
62,179200,0.201340,0.055057,0.219342,0.027316,0.177214,0.9844
62,204800,0.204151,0.057646,0.229024,0.027644,0.167178,0.9805
63,0,0.202086,0.055522,0.224440,0.026987,0.174152,0.9805
63,25600,0.200900,0.058411,0.210151,0.027536,0.173024,0.9844
63,51200,0.191132,0.054518,0.199079,0.027716,0.163913,0.9844
63,76800,0.192178,0.058694,0.187743,0.027553,0.165359,0.9805
63,102400,0.201932,0.057450,0.209467,0.029109,0.175109,0.9844
63,128000,0.196587,0.057623,0.215962,0.028334,0.152806,0.9805
63,153600,0.196132,0.059202,0.202534,0.026595,0.165248,0.9922
63,179200,0.196755,0.058403,0.206253,0.028833,0.158808,0.9883
63,204800,0.186596,0.057897,0.192745,0.027411,0.144882,0.9844
64,0,0.182684,0.056444,0.185860,0.026407,0.146915,0.9844
64,25600,0.195267,0.057014,0.211153,0.028158,0.155829,0.9922
64,51200,0.194014,0.054707,0.204758,0.027874,0.166685,0.9844
64,76800,0.192921,0.057603,0.204207,0.026780,0.157585,0.9727
64,102400,0.204908,0.058183,0.220864,0.029023,0.171476,0.9883
64,128000,0.199337,0.057104,0.209779,0.027981,0.171061,0.9766
64,153600,0.185183,0.055176,0.181960,0.027022,0.161324,0.9766
64,179200,0.219233,0.057507,0.243182,0.028259,0.201710,0.9883
64,204800,0.193072,0.058601,0.205059,0.028431,0.148409,0.9883
65,0,0.177929,0.054928,0.179760,0.026599,0.141582,0.9844
65,25600,0.209793,0.057999,0.233892,0.029239,0.174627,0.9805
65,51200,0.194242,0.055146,0.206621,0.028495,0.162052,0.9883
65,76800,0.185140,0.059962,0.185446,0.026424,0.143732,0.9727
65,102400,0.195010,0.058325,0.203286,0.028933,0.155888,0.9844
65,128000,0.179370,0.053741,0.184831,0.027416,0.142545,0.9766
65,153600,0.190626,0.056052,0.200493,0.026875,0.158506,0.9922
65,179200,0.186334,0.054797,0.181471,0.028026,0.163566,0.9844
65,204800,0.187005,0.056838,0.184244,0.028174,0.155737,0.9883
66,0,0.180557,0.055615,0.178761,0.026736,0.148591,0.9844
66,25600,0.178045,0.055682,0.181988,0.026366,0.137999,0.9883
66,51200,0.198672,0.054474,0.215966,0.027884,0.171748,0.9844
66,76800,0.189523,0.059659,0.181388,0.027504,0.159813,0.9805
66,102400,0.193282,0.057474,0.202054,0.028869,0.154411,0.9844
66,128000,0.181300,0.055515,0.186211,0.027284,0.142123,0.9844
66,153600,0.179799,0.055748,0.187614,0.026268,0.138329,0.9922
66,179200,0.175409,0.055699,0.173614,0.027182,0.134812,0.9805
66,204800,0.182842,0.057337,0.184394,0.027361,0.142755,0.9844
67,0,0.191879,0.055528,0.195867,0.027030,0.168533,0.9844
67,25600,0.180354,0.057416,0.180375,0.027453,0.137909,0.9844
67,51200,0.183309,0.052773,0.185713,0.027359,0.158213,0.9766
67,76800,0.187066,0.058533,0.184199,0.027188,0.153618,0.9648
67,102400,0.198058,0.057947,0.211698,0.028650,0.159838,0.9883
67,128000,0.194605,0.054880,0.214775,0.027235,0.160191,0.9805
67,153600,0.172629,0.055084,0.177834,0.025738,0.128190,0.9844
67,179200,0.175783,0.054144,0.175969,0.026817,0.140104,0.9922
67,204800,0.181584,0.054611,0.189321,0.026970,0.144020,0.9883
68,0,0.185244,0.054587,0.196007,0.027087,0.149226,0.9766
68,25600,0.188419,0.055337,0.200874,0.027096,0.152413,0.9844
68,51200,0.173448,0.049525,0.175391,0.026027,0.150933,0.9883
68,76800,0.181189,0.061114,0.183265,0.026154,0.129806,0.9766
68,102400,0.202267,0.055353,0.229146,0.027970,0.167334,0.9844
68,128000,0.199282,0.055455,0.219138,0.027595,0.168300,0.9727
68,153600,0.173863,0.057024,0.175287,0.026622,0.125436,0.9844
68,179200,0.177288,0.055824,0.164031,0.028703,0.145174,0.9844
68,204800,0.185826,0.059177,0.189464,0.027857,0.139843,0.9883
69,0,0.187227,0.057687,0.192676,0.027323,0.148049,0.9805
69,25600,0.175907,0.056538,0.170756,0.027022,0.137066,0.9844
69,51200,0.190658,0.052010,0.201238,0.027159,0.170391,0.9844
